variable,count,mean,std,min,25%,50%,75%,max,original
dummy1,1000.0,0.0006906301754682616,0.008757953021869935,-0.0245861938418805,-0.005437967654547274,0.0007118918446238,0.006623590160625925,0.0280155222665889,-0.0121901503726888
dummy2,1000.0,-0.0003705595017279851,0.010008432414115448,-0.0339494626299412,-0.006970899220581425,-0.0002256579429822,0.006536701350793925,0.0278018196741669,0.0088298506044424
x1,1000.0,-0.022841204550958314,2.937780071729762,-9.9777649085078,-1.8524057978334463,-0.09068415736775384,1.8024429233681563,28.200801884451128,28.200801884451128
x2,1000.0,0.14931259120707813,8.090380824822033,-22.952492210615887,-5.170244102050381,-0.0501684645920338,5.201589832401139,75.04973379509269,75.04973379509269
x3,1000.0,-0.01919509714641233,1.9166555045847782,-5.985991036883931,-1.2750955363568641,-0.01100509596217765,1.2402799855296145,17.75385951411807,17.75385951411807
